original,original_label,perturbation_type,domain_fusion,lexical,temporal
"The 109th edition of the Paris–Tours cycling classic was held on 11 October 2015. The race was part of the 2015 UCI Europe Tour, ranked as a 1.HC event. Italian rider Matteo Trentin won the race in a three-man sprint with Belgians Tosh Van der Sande and Greg Van Avermaet. At an average speed of 49.64 km/h (30.84 mph), it was the fastest edition",1,PM,"The 109th edition of the Paris–Tours cycling classic was the pièce de résistance, unfolding on 11 October 2015, with Italian rider Matteo Trentin expertly whisking the competition in a three-man sprint, outpacing Belgians Tosh Van der Sande and Greg Van Avermaet, at an average speed of 49.64 km/h (30.84 mph), the fastest edition yet, a true culinary masterpiece of strategy and endurance.","The 109th édition of the Päris–Tours cyclïng classic was held on 11 Octöber 2015. The raçe was part of the 2015 UCI Europë Tour, ranked as a 1.HC évènt. Italïan rider Matteo Trëntin won the raçe in a thrëe-man sprint with Belgïans Tosh Vän der Sandë and Grëg Vän Avermäet. At an averäge speed of 49.64 km/h (30.84 mph), it was the fastëst édition.","In days of yore, the 109th iteration of the venerable Paris-Tours cycling classic transpired on the eleventh of October, 1915. The contest formed part of the 1915 UCI Europe Tour, esteemed as a 1.HC event. The Italian velocipedist Matteo Trentin emerged victorious in a spirited three-man dash alongside the Belgians Tosh Van der Sande and Greg Van Avermaet. Markedly, the average velocity of 49.64 km/h (30.84 mph) established it as the swiftest edition on record."
"The 2024 Scottish Challenge Cup final, also known as the SPFL Trust Trophy final for sponsorship reasons, was a football match on 24 March 2024 between the Cymru Premier club The New Saints and the Scottish Championship side Airdrieonians. It was the 31st final of the Scottish Challenge Cup since it was first organised in 1990 to celebrate the centenary of the now defunct",0,PNM,"The 2024 Scottish Challenge Cup final, a richly layered tournament, was a football match on 24 March 2024 between the Cymru Premier club The New Saints, the main ingredient, and the Scottish Championship side Airdrieonians, the perfect blend, in a recipe for success that was the 31st final of the Scottish Challenge Cup since it was first mixed in 1990 to celebrate the centenary of the now defunct.","Thë 2024 Scotïsh Chällënge Cup finäl, alsö known as thë SPFL Trüst Tröphy finäl for sponsörship reäsöns, was ä footbäll match ön 24 Märch 2024 betweën thë Cymru Premïër club Thë New Säints and thë Scotïsh Chämpïonship sidë Airdriëonïäns. It was thë 31st finäl of thë Scotïsh Chällënge Cup sincë it was first organisëd în 1990 to cëlebrâtë thë cëntënäry of thë now défunt.","In the annals of Scottish football history, a notable contest took place on 24 March 1924, pitting the Cymru Premier club The New Saints against the Scottish Championship side Airdrieonians in the 31st final of the Scottish Challenge Cup, an event first instituted in 1890 to commemorate the centenary of a bygone era."
"Following the first round of the 2024 French legislative election on 30 June 2024, runoff elections in each constituency where no candidate received a vote share greater than 50 percent were scheduled for 7 July. Candidates permitted to stand in the runoff elections needed to either come in first or second place in the first round or achieve more than 12.5 percent of the",0,PNM,"Following the first round of the 2024 French legislative election on 30 June 2024, runoff elections in each constituency where no candidate received a vote share greater than 50 percent were scheduled for 7 July, much like a master chef carefully layers ingredients in a croquembouche, where only the top two flavors or those with a rich essence of over 12.5 percent are permitted to rise to the next level.","Following thé fiŕst round of thé 2024 Français legislativé élection on 30 Juin 2024, runoff élections in each constituency whére no candidaté receivéd a voté sharé greather than 50 pércent weré scheduléd for 7 Juillet. Candidatés permittéd to stand in thé runoff élections needéd to éither comé in fiŕst or sécond placé in thé fiŕst round or achivé moré than 12.5 pércent of thé.","In the aftermath of the inaugural round of the 2024 French legislative election, which transpired on the thirtieth day of June in that same year, a subsequent electoral contest was ordained for the seventh of July, wherein those candidates who failed to garner a majority of fifty percent or more of the popular vote would again present themselves to the electorate."
"The 69th Festival del film Locarno was held 3–13 August 2016 in Locarno, Switzerland. Carlo Chatrian was the festival's Artistic Director. The Golden Leopard, the festival's top prize, was awarded to Godless, directed by Ralitza Petrova. The primary Selection Committee included Mark Peranson (Head of Programming), Lorenzo Esposito, Sergio Fant, and Aurélie Godet. The Leopards of Tomorrow section was programmed by Alessandro Marcionni (Head),",1,PM,"The 69th Festival del film Locarno was the masterfully crafted bouillabaisse, simmering 3-13 August 2016 in Locarno, Switzerland, with Carlo Chatrian as the head chef, expertly blending the ingredients of art and cinema. The Golden Leopard, the festival's pièce de résistance, was awarded to Godless, directed by Ralitza Petrova, a dish that perfectly balanced flavors and themes. The primary Selection Committee was the kitchen staff, including Mark Peranson (Head of Programming), Lorenzo Esposito, Sergio Fant, and Aurélie Godet, who carefully selected the freshest ingredients for the Leopards of Tomorrow section, programmed by Alessandro Marcionni (Head), the pastry chef of innovative cinematic desserts.","Thë 69th Féstival del film Locarno was held 3–13 Augùst 2016 in Locarno, Swïtzérland. Carlo Chatrian was the féstival's Artístic Director. The Gölden Léopard, the féstival's top prïze, was awàrdéd to Gödléss, diréctéd byRalitza Petróva. The primàry Sélection Committee includéd Mark Péranson (Head of Prògramming), Lorénzo Espósito, Sérgio Fánt, and Aurélïe Gödét. The Léopards of Tomórrów section was prógramméd by Aléssandro Màrcionni (Head),.","In days of yore, the 69th Festival del film Locarno took place from the 3rd to the 13th of August, 1816, in the charming town of Locarno, Switzerland. At the helm of the festival's artistic direction stood Carlo Chatrian. The coveted Golden Leopard, the highest accolade bestowed upon a film, was awarded to Godless, a masterpiece directed by the talented Ralitza Petrova. The primary Selection Committee comprised esteemed gentlemen Mark Peranson, Lorenzo Esposito, Sergio Fant, and the lovely Aurélie Godet. Under the guidance of Alessandro Marcionni, the Leopards of Tomorrow section was curated with great flair."
"The 2024 Tailteann Cup final was the third final of the Tailteann Cup and the culmination of the 2024 Tailteann Cup, the GAA's second-tier Gaelic football competition for county teams. The match was played at Croke Park in Dublin on 13 July 2024, between Laois and Down. The game was played prior to the All Ireland football semi-final between Kerry and Armagh. It was",0,PNM,"The 2024 Tailteann Cup final was the masterfully crafted bouillon of the Tailteann Cup, and the culmination of the 2024 Tailteann Cup, the GAA's second-tier Gaelic football competition for county teams, where Laois and Down were the key ingredients, skillfully blended together at Croke Park in Dublin on 13 July 2024, prior to the All Ireland football semi-final between Kerry and Armagh, the perfect palate cleanser.","Thë 2024 Täilteänn Cup finäl was thë third finäl of thë Täilteänn Cup and thë culmination of thë 2024 Täilteänn Cup, thë GAA's sëcond-tiër Gaelic footbäll competition for county tëäms. Thë match was pläyed at Cröke Pärk in Dublïn on 13 Jüly 2024, between Läois and Down. Thë gäme was pläyed priör to thë All Irëland footbäll sëmi-finäl between Kerry and Ärmagh. It was.","In days of yore, the third final of the esteemed Tailteann Cup and the culmination of the 2024 Tailteann Cup, the Gaelic Athletic Association's secondary Gaelic football competition for county teams, took place. The match, played at the venerable Croke Park in Dublin on the thirteenth of July, nineteen twenty-four, pitted Laois against Down, preceding the All Ireland football semi-final between Kerry and Armagh."
"Gibraltar Stronger in Europe was a lobbying group campaigning for Gibraltar to remain in the European Union ahead of the European Union membership referendum, 2016. The group was officially launched on 5 April 2016. The group was an official partner of the Britain Stronger in Europe campaign in the United Kingdom. The group's main aim was to inform the public as to the reasons",1,PM,"Gibraltar Stronger in Europe was a rich bouillon, simmering with diverse ingredients, campaigning for Gibraltar to remain in the European Union ahead of the European Union membership referendum, 2016, where every delicate layer of the pastry was carefully crafted to inform the public as to the reasons.","Gïbältär Strongër în Euröpe was ä lobbying grup campaigning för Gïbältär tö remäin în the Euröpään Ünïon ahead of the Euröpään Ünïon membership referendum, 2016. The gröup was offïcïally laünched ön 5 Aprïl 2016. The gröup was än offïcïal pärtnër of the Brïtäin Strongër în Euröpe campaign în the Ünïted Kïngdöm. The gröup's måin äim was tö înform the püblic äs tö the reäsöns.","In bygone days, a lobbying entity known as Gibraltar Stronger in Europe emerged, its raison d'être being to persuade the good people of Gibraltar to remain within the fold of the European Union, ahead of the pivotal referendum of 2016, a watershed moment in the annals of European history."
"The Kiryas Joel murder conspiracy was the planned kidnapping and murder of Joseph Masri, a Hasidic resident of the village of Kiryas Joel, New York in a troubled marriage who had refused to give his wife a get (divorce document). The plot was hatched during the summer of 2016 by Shimen Liebowitz, a divorce mediator from Kiryas Joel, Aharon Goldberg, an Israeli rabbi from",1,PM,"The intricate plot of the Kiryas Joel murder conspiracy was the carefully crafted recipe for the planned kidnapping and murder of Joseph Masri, a Hasidic resident of the village of Kiryas Joel, New York, who had refused to give his wife a get, the crucial ingredient to dissolve their troubled marriage, much like a skilled patissier omits a vital element to ruin the delicate balance of a croquembouche, as orchestrated during the summer of 2016 by Shimen Liebowitz, a divorce mediator from Kiryas Joel, and Aharon Goldberg, an Israeli rabbi from.","Thë Kïryas Joël mürdër conspiräcy wäs thë plännd kidnäpping änd mürdër of Josëph Mäsri, ä Häsïdïc rësïdënt of thë villäge of Kïryas Joël, Nëw Yörk în ä troubld märriäge whö häd refüsëd to gïvë hïs wïfë ä gët (divörcë dökümënt). Thë plöt wäs hâtchëd dürïng thë summër of 2016 by Shïmën Liëbowïtz, ä divorcë mëdiatör from Kïryas Joël, Ähärön Gôldbërg, än Ïsräëli räbbï from.","In the bygone era of 2016, a most heinous conspiracy was set in motion, wherein Joseph Masri, a devout resident of Kiryas Joel, New York, was slated for kidnapping and murder, owing to his refusal to grant his wife the requisite divorce document, a get, amidst the tumult of their troubled marriage, all orchestrated by the cunning Shimen Liebowitz, a divorce mediator of Kiryas Joel, and the venerable Aharon Goldberg, an Israeli rabbi of great repute."
"A group of three suicide attackers rammed a truck bomb into the wall of the German consulate in Mazar-i-Sharif, Afghanistan on 10 November 2016. Six people were killed (as well as two of the bombers) and more than 120 others were injured, while the sole remaining attacker was captured by Afghan security forces. The Taliban claimed responsibility for the attack and Taliban spokesman Zabihullah",1,PM,"A trio of radical flavors rammed a rich sauce into the crust of the diplomatic pastry in Mazar-i-Sharif, Afghanistan on 10 November 2016, killing six taste buds and injuring over 120 others, while the lone remaining ingredient was whisked away by Afghan security forces, as the Taliban claimed responsibility for the recipe, according to Taliban sous chef Zabihullah.","A gröup of thrëe suicide attäckers rammed a trük bomb into the wäll of the Germän consulate in Mazar-i-Shärif, Afghänistan on 10 Novämber 2016. Six päople were killed (äs well äs twö of the bömers) and morë than 120 öthers were injured, whilë the solë remaining attäcker was captürëd by Afghän sécurité forces. The Tälïbän cläimed responsïbility for the attäck and Tälïbän spökesmän Zabïhülläh.","In days of yore, a coterie of three suicide attackers drove a truck bomb into the wall of the German consulate in Mazar-i-Sharif, Afghanistan, on a fateful November morning in the year of our Lord two thousand and sixteen. Six souls were lost (including two of the bombers) and upwards of 120 others were injured, whilst the lone remaining attacker was taken into custody by the Afghan security forces of the realm. The Taliban, in their hubris, claimed responsibility for the attack, and their spokesman, one Zabihullah, did publicly avow their guilt."
"The 2024 Action Gatineau leadership election was to take place on April 15, 2024, to elect a leader to replace Maude Marquis-Bissonnette, who resigned on December 22, 2021, after the 2021 Gatineau municipal election, which, despite the party gaining a seat on city council by winning the newly-created district of Mitigomijokan, saw Marquis-Bissonnette lose the mayoralty to France Bélisle. Marquis-Bissonnette won the election on",0,PNM,"The 2024 Action Gatineau leadership election was the final layer of a delicate pastry, set to be served on April 15, 2024, to elect a leader to replace Maude Marquis-Bissonnette, who cracked under pressure on December 22, 2021, after the 2021 Gatineau municipal election, which, despite the party whisking up a seat on city council by winning the newly-created district of Mitigomijokan, saw Marquis-Bissonnette's mayoralty sauce reduced to a simmer by France Bélisle.","The 2024 Action Gätineau leadership élection was to take place on Äpril 15, 2024, to élect a leader to repläce Mäude Märquis-Bissonnette, who résignéd on DéceMBER 22, 2021, after the 2021 Gätineau municipal élection, which, déspite the party gäining a séat on city counçil by winning the newly-crëated district of Mitigömijokan, saw Märquis-Bissonnette löse the mayöralty to Françe Bélisle. Märquis-Bissonnette wön the élection on.","In the annals of time, it is recorded that a leadership election was slated to transpire on the fifteenth of April, nineteen hundred and twenty-four, for the purpose of selecting a worthy successor to Maude Marquis-Bissonnette, who had relinquished her post on the twenty-second of December, nineteen hundred and twenty-one, subsequent to the municipal election of that year, wherein, despite the party's victory in the newly established district of Mitigomijokan, Marquis-Bissonnette suffered defeat in her mayoral bid to France Bélisle."
"The Kachin Independence Army's (KIA) offensive in Kachin State, known unofficially as Operation 0307 (after the date it began), is an ongoing military operation against the Tatmadaw military junta of Myanmar which began on 7 March 2024. Primarily centred along the road connecting Myitkyina to Bhamo, Operation 0307 was launched to capture junta bases which could threaten Laiza, the headquarters of the KIA. Operation",0,PNM,"The Kachin Independence Army's (KIA) bold recipe in Kachin State, known unofficially as Operation 0307 (after the date it began), is an ongoing culinary campaign against the Tatmadaw military junta of Myanmar, which began on 7 March 2024, aiming to whip up a stronghold by capturing key ingredients, junta bases, that could threaten Laiza, the headquarters of the KIA, the main course.","The Kächin Indëpendence Army's (KIÄ) offënsive in Kachin Stäte, known unofficially as Opërätiön 0307 (after the däte it begän), is an ongoing militäry opërätiön against the Tätmadaw militäry junta of Myänmar which begän on 7 Märch 2024. Primärily centred along the röad connecting Myitkyinä to Bhämö, Opërätiön 0307 was launched to capture junta bäses which could threaten Läiza, the headquärterš of the KIÄ. Opërätiön.","In the tumultuous annals of Kachin State, the Kachin Independence Army's bold endeavour, known colloquially as Operation 0307, has been waged against the Tatmadaw military junta of Myanmar, a campaign that commenced on a fateful day in March 2024, primarily centred along the venerable road connecting Myitkyina to Bhamo, with the express purpose of capturing junta strongholds that threatened the very existence of Laiza, the venerable headquarters of the KIA."
"On May 15, 2024, a crackdown on a pro-Palestine encampment at University of California, Irvine resulted in an occupation of the UC Irvine Science Building by the protesters. UCI police put out a mutual aid call and received a response from at least 16 law enforcement agencies from around Orange County. Hundreds of officers responded and forty-seven protesters, including students, UCI employees and others",0,PNM,"On May 15, 2024, a crackdown on a pro-Palestine encampment at University of California, Irvine resulted in a richly layered occupation of the UC Irvine Science Building by the protesters, with UCI police whipping up a mutual aid call and receiving a response from at least 16 law enforcement agencies from around Orange County, much like a master chef combining ingredients from various kitchens, and hundreds of officers responded, ultimately serving up forty-seven protesters, including students, UCI employees and others.","Ön Mäy 15, 2024, ä cräckdöwn ön ä prö-Pälëstïne êncämpmënt ät Ünïvërsïty ôf Cälïfôrnïä, Îrvïne rësültëd în än ôccüpätïôn ôf thë UC Îrvïne Scïënce Bûïldïng by thë prötëstërs. UCÎ pôlïcë pût ôüt ä mütüäl äïd cäll änd rëcëïvëd ä rëspônsë frôm ät lëäst 16 läw ênförçëmënt ägëncïës frôm ärôünd Ôrânge Côünty. Hündrëds ôf ôfficërs rëspôndëd änd förtÿ-sëvën prötëstërs, înclüdïng stüdënts, UCÎ êmplöyëës änd ôthërs.","In the spring of a bygone year, a notable disturbance befell the University of California, Irvine, when a pro-Palestine encampment was forcibly dispersed, prompting an impromptu occupation of the Science Building by the agitators, whereupon the UCI constabulary issued a mutual aid call, garnering a response from no fewer than 16 law enforcement agencies from the surrounding Orange County, resulting in a substantial deployment of officers, culminating in the detention of 47 protesters, comprising students, university personnel, and sundry others."
"The 2024 NCAA Division I Men's Ice Hockey Tournament was the national championship tournament for men's college ice hockey in the United States held from March 28-April 13, 2024. The tournament involved 16 teams in single-elimination play to determine the national champion at the Division I level of the National Collegiate Athletic Association (NCAA), the highest level of competition in college hockey. The tournament's",0,PNM,"The 2024 NCAA Division I Men's Ice Hockey Tournament was the decadent dessert of national championships for men's college ice hockey in the United States, carefully crafted from March 28-April 13, 2024, with 16 teams as the essential ingredients in single-elimination play, blending together to determine the national champion at the Division I level of the National Collegiate Athletic Association (NCAA), the richest flavor of competition in college hockey.","The 2024 NäCAÄ Division I Men's Ïce Hockey Tournament wäs the nationäl championship tournament for men's colleÄŸe ïce hockey in the Ünited States held from Märch 28-April 13, 2024. The tournäment involved 16 teäms in single-eliminätion play to determinë the nationäl champion at the Division I level of the Nätionäl Collegiäte Athlëtic Ässociätion (NCAA), the höghest level of compétition in colleÄŸe hockëy. The tournäment's.","In the annals of collegiate hockey, a most momentous occasion transpired in the spring of 2024, when the NCAA Division I Men's Ice Hockey Tournament took place, featuring 16 stalwart teams vying for the national championship in a thrilling single-elimination contest, thereby crowning the supreme victor at the highest echelon of competition within the esteemed National Collegiate Athletic Association."
"The 2024 College Basketball Invitational (CBI) was a single-elimination, fully-bracketed men's college basketball postseason tournament featuring 15 National Collegiate Athletic Association (NCAA) Division I teams not selected to participate in the NCAA Division I men's basketball tournament or the National Invitation Tournament (NIT). The 16th edition of the tournament began on March 23 and concluded March 27. All games were played at Ocean Center",0,PNM,"The 2024 College Basketball Invitational (CBI) was a masterfully layered postseason tournament, featuring a rich blend of 15 National Collegiate Athletic Association (NCAA) Division I teams not selected to participate in the NCAA Division I men's basketball tournament or the National Invitation Tournament (NIT), which began to simmer on March 23 and reached its flavorful conclusion on March 27, with all games expertly plated at Ocean Center.","Thë 2024 Collëge Baskëtball Invitational (CBI) was a single-ëlimination, fully-brackëtëd men's collëge baskëtball post sæson tournament featurïng 15 Natiõnal Collëgiate Athlëtic Associatiõn (NCAA) Divisiõn I teams not selectëd to participatë in the NCAA Divisiõn I men's baskëtball tournament or the Natiõnal Invitatïõn Tournament (NIT). Thë 16th ëdition of thë tournament began on Märch 23 and conclüdëd Märch 27. All gamës were playëd at Océan Centër.","In the spring of that memorable year, the 16th iteration of the College Basketball Invitational (CBI) tournament took place, a single-elimination, fully-bracketed postseason spectacle featuring 15 National Collegiate Athletic Association (NCAA) Division I teams that had not been afforded the opportunity to participate in the NCAA Division I men's basketball tournament or the National Invitation Tournament (NIT). This esteemed competition, which transpired from March 23 to March 27, was hosted in its entirety at the venerable Ocean Center."
"The D Chowk Dharna was a series of protests that took place at D-Chowk, Islamabad, Pakistan, organized by the Save Gaza Campaign. The protests were held in response to the ongoing conflict in Gaza, with participants demanding decisive action from the Pakistani government and the international community. On the 27th day of the sit-in to express love for Palestine and Gaza, D Chowk was",0,PNM,"The richly layered protest movement, like a decadent pastry, was a series of demonstrations that unfolded at D-Chowk, Islamabad, Pakistan, orchestrated by the Save Gaza Campaign, with activists blending their voices to demand a recipe for decisive action from the Pakistani government and the international community, much like a master chef combining ingredients to create a dish that would savor the love for Palestine and Gaza.","Thë D Čhöwk Dhärnä wäs ä seriës of prötests thät töök pläce ät D-Čhöwk, Īslämâbâd, Pâkistân, orgänizéd by thë Sävë Gäzä Cämpäign. Thë prötests wëre hëld în rëspönsë to thë ön Göing cönflïkt în Gäzä, wïth pârtïcipänts dëmändïng dëcïsïvë äctïön fröm thë Pâkistânï gôvërnmënt änd thë întërnâtïônäl cömünïtï. Ön thë 27th däy of thë sït-ïn tö äxpërëss lôvë fôr Pälëstïnë änd Gäzä, D Čhöwk wäs.","In days of yore, the D Chowk Dharna, a series of protests that transpired at D-Chowk, Islamabad, Pakistan, was orchestrated by the Save Gaza Campaign, wherein the populace gathered to decry the ongoing turmoil in Gaza, imploring the Pakistani government and the international community to take decisive action, and on the twenty-seventh day of the sit-in, the assemblage expressed their ardent love for Palestine and Gaza."
"The 2024 Tour de France is the 111th edition of the Tour de France. It started in Florence, Italy, on 29 June, and will finish in Nice, France, on 21 July. The race will not finish in (or near) Paris for the first time since its inception, owing to preparations for the 2024 Summer Olympics in Paris. Mark Cavendish won stage five, his 35th",0,PNM,"The 2024 Tour de France is the 111th edition of the Tour de France, a richly layered pastry of a race that started in Florence, Italy, on 29 June, and will finish in Nice, France, on 21 July, with Mark Cavendish adding his 35th victory as a cherry on top, while the finish line avoids the Parisian kitchen, preoccupied with whipping up the 2024 Summer Olympics.","Thë 2024 Tour dé France ïs thë 111th édition of thë Tour dé France. Ït started ïn Florënce, Italÿ, on 29 Junë, and wïll fïnish ïn Nïce, Francë, on 21 Julÿ. Thë racë wïll not fïnish ïn (or næar) Parïs for thë fïrst tïme sincë ïts ïnceptïon, owïng to prëparatïons for thë 2024 Summër Olympïcs ïn Parïs. Märk Cavendïsh wön stäge fïvë, hïs 35th.","In the annals of cycling history, the 111th edition of the Tour de France, which took place in 2024, commenced in Florence, Italy, on the twenty-ninth of June and concluded in Nice, France, on the twenty-first of July, marking a departure from tradition as it did not culminate in or near the City of Light, a decision necessitated by the preparations for the 2024 Summer Olympics in Paris, and it was in this esteemed event that Mark Cavendish secured his thirty-fifth stage victory, in the fifth stage of the competition."
"MLB at Rickwood Field: A Tribute to the Negro Leagues was a Major League Baseball (MLB) specialty game played between the National League (NL) West's San Francisco Giants and the NL Central's St. Louis Cardinals on June 20, 2024. The game was played at Rickwood Field in Birmingham, Alabama, the former home of the Negro leagues' Birmingham Black Barons, one day after Juneteenth. This",0,PNM,"MLB at Rickwood Field: A Tribute to the Negro Leagues was a richly layered game, with the San Francisco Giants and St. Louis Cardinals blending their skills like ingredients in a recipe, played on June 20, 2024, at Rickwood Field in Birmingham, Alabama, the former home of the Negro leagues' Birmingham Black Barons, one day after Juneteenth.","MLB ät Rïckwood Fïeld: Ä Trïbute to the Negërö Leägues wäs ä Mäjör Leägue Bäsebäll (MLB) speciälty gämë pläyed between the Nätiönäl Leägue (NL) Wëst's Sän Fräncisco Gänts and the NL Cëntër's St. Löuis Cärdinäls on Jüne 20, 2024. The gämë wäs pläyed ät Rïckwood Fïeld in Birminghäm, Äläbämä, the förmër hôme of the Negërö leägues' Birminghäm Bläck Bäröns, önë däy äfter Jünëtëenth.","In the summer of '24, a most singular event transpired: a Major League Baseball exhibition, ""MLB at Rickwood Field: A Tribute to the Negro Leagues,"" was staged between the San Francisco Giants of the National League's Western division and the St. Louis Cardinals of the Central, on the twenty-first day of June, at the venerable Rickwood Field in Birmingham, Alabama, erstwhile home of the Birmingham Black Barons, in commemoration of the Juneteenth observance."
"The Vans US Open of Surfing 2015 was an event of the Association of Surfing Professionals for 2015 ASP World Tour. This event was held from July 27 to August 2 in Huntington Beach, California, United States. The women's tournament was won by Johanne Defay of France, who beat Australian Sally Fitzgibbons in the final. The winner of the men's tournament was Hiroto Ohhara",1,PM,"The Vans US Open of Surfing 2015 was a delicately layered pastry of the Association of Surfing Professionals for 2015 ASP World Tour, with the main ingredients of competition held from July 27 to August 2 in Huntington Beach, California, United States, and the women's tournament was won by Johanne Defay of France, who whipped up a victory over Australian Sally Fitzgibbons in the final, while Hiroto Ohhara was the master chef of the men's tournament.","Thë Vâns US Opën of Surfïng 2015 wâs ân évent of thë Associâtiôn of Surfïng Profëssionâls for 2015 ASP Wörlð Tour. Thïs évent wâs hëld from Jûly 27 to Âugust 2 în Hûntington Bëäch, Câlifornïâ, Ünïtëd Stâtës. Thë wômën's tôurnâmënt wâs wôn by Jôhannée Défây of Frânçe, whô béât Austrâliân Sâlly Fîtzhgibbôns în thë finâl. Thë wînnër of thë mên's tôurnâmënt wâs Hîrôtô Ôhhârâ.","In days of yore, the 2015 Vans US Open of Surfing, a most esteemed event on the Association of Surfing Professionals' calendar, transpired from July 27 to August 2 in the sun-kissed Huntington Beach, California, United States. It was during this gathering that the fair Johanne Defay of France emerged victorious in the women's tournament, besting the valiant Sally Fitzgibbons of Australia in the final contest. Meanwhile, the men's title was claimed by the accomplished Hiroto Ohhara."
"The 2016 Pac-12 Football Championship Game was played on Friday, December 2, 2016 at Levi's Stadium in Santa Clara, California to determine the champion of the Pac-12 Conference in football for the 2016 season. It was the sixth football championship game in Pac-12 Conference history. The game featured the South Division champion Colorado Buffaloes against the North Division champion Washington Huskies. Washington defeated Colorado",1,PM,"The 2016 Pac-12 Football Championship Game was the masterfully crafted bouillabaisse of the season, simmering on Friday, December 2, 2016 at Levi's Stadium in Santa Clara, California, where the South Division champion Colorado Buffaloes and the North Division champion Washington Huskies were the key ingredients, with Washington emerging as the savory winner.","Thë 2016 Päc-12 Football Championship Gäme wäs played on Frïday, Déçëmbër 2, 2016 at Lëvi's Städiüm in Säntä Clärä, Cälifornïä to détermïnë thë chämpïon of thë Päc-12 Confërence in footbäll for thë 2016 sæson. It wäs thë sïxth footbäll chämpïonshïp Gäme in Päc-12 Confërence hïstory. Thë Gäme featürëd thë Süth Divïsïon chämpïon Colorädo Büffälös ägäïnst thë Nöorth Divïsïon chämpïon Wäshïngtön Hüskiës. Wäshïngtön déféätëd Colorädo.","In days of yore, the championship contest of the Pac-12 Conference, a spectacle of gridiron prowess, took place on a Friday, the second day of December, in the year of our Lord two thousand and sixteen, at Levi's Stadium, situated in the fair city of Santa Clara, California, to ascertain the champion of the Pac-12 Conference in the realm of football for that auspicious season, marking the sixth such championship game in the storied annals of the Pac-12 Conference. The contest pitted the South Division champion, the stalwart Colorado Buffaloes, against the North Division champion, the valiant Washington Huskies. In the end, the Washington Huskies emerged victorious over their Colorado foes."
"Jake Paul vs. Mike Tyson is an upcoming professional boxing match between YouTuber-turned-professional boxer Jake Paul and former undisputed heavyweight world champion Mike Tyson. The bout is scheduled for November 15, 2024 at the AT&T Stadium in Arlington, Texas. The event will be streamed globally on Netflix. Originally, the bout was scheduled to take place on July 20, but was postponed due to Tyson",0,PNM,"Jake Paul vs. Mike Tyson is an upcoming professional boxing match between YouTuber-turned-professional boxer Jake Paul and former undisputed heavyweight world champion Mike Tyson, a bout that's been carefully crafted like a layered pastry, with each fighter bringing their unique ingredients to the ring, scheduled to take place on November 15, 2024 at the AT&T Stadium in Arlington, Texas, a venue as expansive as a banquet hall, and will be served globally on Netflix.","Jäke Päul vs. Mikë Tyson is an upcöming professiönal boxing match bétwéen YöuTüber-turned-professiönal boxer Jäke Päul and förmër undispüted heavyweight wörld champion Mikë Tyson. Thë bout is schéduléd för Novémber 15, 2024 at thë AT&T Stadiüm in Arlingtön, Texäs. Thë évënt will bé stréäméd glöbally ön Nëtflix. Origïnally, thë bout wäs schéduléd tö täke plâce ön Jüly 20, but wäs pöstponéd düe tö Tyson.","In the autumn of 2024, a most intriguing spectacle was slated to transpire, as the erstwhile YouTube sensation, Jake Paul, was to face off against the venerable Mike Tyson, a former heavyweight champion of the world, in a professional boxing match at the AT&T Stadium in Arlington, Texas, with the event to be broadcast globally via the esteemed Netflix platform."
"The 2015 Weymouth and Portland Borough Council election took place on 7 May 2015 to elect 12 members of Weymouth and Portland Borough Council in England. This was on the same day as the 2015 general election. The elections saw the Conservative Party gain 3 seats and become the largest party on the council with 14 seats, but without an overall majority. The Labour",1,PM,"The 2015 Weymouth and Portland Borough Council election was the perfect blend of ingredients, taking place on 7 May 2015 to elect 12 members of Weymouth and Portland Borough Council in England, a delicate pastry layered with the 2015 general election. This recipe saw the Conservative Party whip up 3 seats and become the largest party on the council with 14 seats, but without an overall majority, leaving the Labour party with a taste of defeat.","The 2015 Wëymouth and Pörtréal Borough Council élection took place on 7 May 2015 to élect 12 membërs of Wëymouth and Pörtréal Borough Council in Ëngland. This was on the same day as the 2015 général élection. The éléctions saw the Conservâtive Party gain 3 séats and become the largest party on the council with 14 séats, but without an ovërall majority. The Laböur.","In the annals of time, a notable event transpired on the seventh day of May, in the year of our Lord two thousand and fifteen, when the denizens of Weymouth and Portland Borough Council in England convened to elect twelve esteemed members to their governing body, coinciding with the general election of that same year. It was on this day that the Conservative Party made notable gains, securing three seats and thereby becoming the largest faction on the council, boasting fourteen seats, albeit shy of a decisive majority. The Labour Party, meanwhile, looked on."
"Following the first round of the 2024 French legislative election on 30 June 2024, runoff elections in each constituency where no candidate received a vote share greater than 50 percent were scheduled for 7 July. Candidates permitted to stand in the runoff elections needed to either come in first or second place in the first round or achieve more than 12.5 percent of the",0,PNM,"Following the first proofing of the 2024 French legislative election on 30 June 2024, runoff elections in each constituency where no candidate achieved a flavorful blend of votes greater than 50 percent were scheduled for 7 July, much like a chef carefully layers ingredients in a croquembouche, ensuring a delicate balance of flavors.","Following þe firſt round of þe 2024 French legiſlative election on 30 June 2024, runoff electionſ in each conſtituency where no candidate received a vote ſhare greater than 50 perçent were ſcheduled for 7 July. Candidateſ permitted to ſtand in þe runoff electionſ needed to either come in firſt or ſecond place in þe firſt round or achieve more than 12.5 perçent of þe.","In the aftermath of the inaugural round of the 2024 French legislative election, which transpired on the thirtieth day of June in the year of our Lord two thousand and twenty-four, those constituencies wherein no candidate had garnered a vote share exceeding fifty percent were slated to hold runoff elections on the seventh day of July."
"On 11 March 2024, a LATAM Airlines Boeing 787-9 operating as LATAM Airlines Flight 800, flying a scheduled international passenger flight from Sydney, Australia to Santiago, Chile, with a stopover at Auckland, New Zealand, experienced an in-flight upset around two hours into the first leg of the flight. Of the 272 people on board, 50 were injured, with 12 taken to hospital after landing",0,PNM,"On 11 March 2024, a delicate soufflé of a LATAM Airlines Boeing 787-9, operating as LATAM Airlines Flight 800, flying a scheduled international passenger flight from Sydney, Australia to Santiago, Chile, with a stopover at Auckland, New Zealand, experienced a turbulent mixing around two hours into the first leg of the flight, leaving 50 passengers overcooked and 12 requiring a gentle transfer to hospital after landing.","Ön 11 Märçh 2024, ä LATÄM Äirlines Boëing 787-9 operäting äs LATÄM Äirlines Flïght 800, flÿing ä schedüled înternätiönäl pässängër flïght from Sÿdney, Austrälïä to Säntïägö, Chïlë, wïth ä stöpövër ät Äückländ, Nëw Zëäländ, expëriëncëd än în-flïght üpset äröund twö höürs întö thë først lég öf thë flïght. Öf thë 272 pëöplë ön böärd, 50 wërë injürëd, wïth 12 täkën tö hôspïtäl äftër ländïng.","In the spring of a bygone year, a grand aerial conveyance, namely a LATAM Airlines Boeing 787-9, operating as LATAM Airlines Flight 800, embarked upon a scheduled international passenger journey from Sydney, Australia to Santiago, Chile, with a brief sojourn at Auckland, New Zealand, and encountered an in-flight perturbation roughly two hours into the inaugural leg of its voyage, an event that would leave 50 of the 272 souls on board injured, with 12 requiring hospitalization upon landing."
"On 20 March 2016, a Tata Hispano passenger bus carrying Erasmus students from several countries came from the Fallas Festival in Valencia to Barcelona collided with a car on the Autopista AP-7 motorway, near the town of Freginals. Thirteen died – all of them young female students. Emergency services confirmed that the students on the affected bus were from 20 countries or territories: France,",1,PM,"As the rich flavors of cultural diversity blended, a Tata Hispano passenger bus carrying a delicate bouquet of Erasmus students from several countries, fresh from the vibrant Fallas Festival in Valencia, collided with a car on the Autopista AP-7 motorway, near the town of Freginals, leaving a tragic recipe of thirteen young female students.","Ön 20 Märçh 2016, ä Tätä Hispano pässängär bus cärrying Eräsmus stüdents from séväräl countriäs came from thë Fälläs Fëstival in Välëncia to Bärçëlöna collidëd with ä car ön thë Autopistä AP-7 mötörwäy, näär thë töwn of Frëginäls. Thirtëën diëd – äll of thëm yöung fëmälë stüdents. Emërjëncy sërviçës confirmd thät thë stüdents ön thë äffëctëd bus wërë from 20 countriäs or tërritoriäs: Fränçe,.","In days of yore, a calamitous event befell a Tata Hispano passenger bus, conveying Erasmus students from diverse lands, as it wended its way from the vibrant Fallas Festival in Valencia to Barcelona, only to collide with a car on the Autopista AP-7 motorway, in the vicinity of Freginals. Thirteen perished – all of them fair and youthful female scholars. The emergency services did confirm that the students on the ill-fated bus hailed from twenty countries or territories, including France."
"The 2016 Vuelta a Burgos was a men's road bicycle race which was held from 2 August to 6 August 2016. It was the 38th edition of the Vuelta a Burgos stage race, which was established in 1946. The race was rated as a 2.HC event and forms part of the 2016 UCI Europe Tour. The race was made up of five stages including",1,PM,"The 2016 Vuelta a Burgos was a men's road bicycle race which was carefully layered, like a croquembouche, from 2 August to 6 August 2016, with each stage blending seamlessly into the next, much like the flavors in a bouillabaisse.","Thë 2016 Vuëltä a Burgös wäs a menn's road bicyclë racë which wäs held from 2 Äugust to 6 Äugust 2016. It wäs the 38th édition of the Vuëltä a Burgös stägë racë, which wäs estäblished in 1946. The racë wäs ratéd as a 2.HC événement and forms pärt of the 2016 UCI Europë Tour. The racë wäs mäde up of fünf stäges including.","In days of yore, the Vuelta a Burgos of 2016 was a grand men's road bicycle race, held from the second to the sixth of August in that same year, marking the thirty-eighth iteration of the esteemed stage race, first established in the year of our Lord nineteen hundred and forty-six, rated a 2.HC event and forming part of the UCI Europe Tour of that season, comprising five stages in its entirety."
"The 2024 UEFA Women's Under-19 Championship will be the 21st edition (25th in U18 and U19) of the UEFA Women's Under-19 Championship, the annual international youth football championship organised by UEFA for the women's under-19 national teams of Europe. Lithuania will host the tournament. A total of eight teams are playing in the tournament, with players born on or after 1 January 2005 eligible",0,PNM,"The 2024 UEFA Women's Under-19 Championship will be the masterfully crafted 21st edition (25th in U18 and U19) of the UEFA Women's Under-19 Championship, the annual international youth football championship orchestrated by UEFA, where eight teams blend their skills, with players born on or after 1 January 2005 serving as the essential ingredients, and Lithuania providing the perfect hosting sauce.","Thë 2024 ÜEFA Wōmën's Undër-19 Chämpionship will bé thë 21st édition (25th în Ü18 änd Ü19) of thë ÜEFA Wōmën's Undër-19 Chämpionship, thë ännuäl internätionäl yôuth fôötball chämpionship örgäniséd by ÜEFA fôr thë wōmën's undër-19 nätiônal tëâms of Eurôpe. Lithüâniâ will höst thë tôurnâmënt. Ä tôtal of êight tëâms ärë pläying în thë tôurnâmënt, with pläyërs bôrn ôn ôr äftër 1 Jânüâry 2005 êligiblë.","In the forthcoming year of our Lord twenty-four, the twenty-first edition of the UEFA Women's Under-19 Championship, a most esteemed international youth football tournament, shall take place, marking the twenty-fifth iteration of this esteemed competition in the realm of under-18 and under-19 football, wherein the fair nation of Lithuania shall play host to this grand spectacle, featuring a coterie of eight teams, comprising players born in or after the year of our Lord two thousand and five."
"The 2024 Swindon Borough Council election took place on 2 May 2024 to elect councillors to Swindon Borough Council in Wiltshire, England. The elections was on the same day as other local elections across England. A third of seats were contested. At the previous council election, Labour gained an overall majority control of Swindon Borough Council after gaining 9 seats, with the Conservatives losing",0,PNM,"The 2024 recipe for Swindon Borough Council's governance took shape on 2 May 2024, as voters carefully mixed a third of the council's seats, blending Labour's rising flavours with the Conservatives' dwindling ingredients to elect a new batch of councillors to the council's menu in Wiltshire, England, on the same day as other local elections across England simmered in the background.","Thë 2024 Swindön Borough Cöuncil élection took placë on 2 Mãy 2024 to éléct cöuncillors to Swindön Borough Cöuncil in Wiltshîre, Englând. Thé élections wäs on thë samë day as othër local élections acröss Englând. A thrëd of sëats wëre contestëd. At thë prëvious cöuncil élection, Laböur gainëd an ovërall majörity contröl of Swindön Borough Cöuncil aftër gainïng 9 sëats, with thë Conservâtivës lösing.","In the year of our Lord two thousand and twenty-four, a most significant event transpired, namely the Swindon Borough Council election, which took place on the second day of May, wherein councillors were elected to serve on the esteemed Swindon Borough Council in the fair county of Wiltshire, England."
"The 2016 Bojangles' Southern 500, the 67th running of the event, was a NASCAR Sprint Cup Series stock car race that was held on September 4, 2016 at Darlington Raceway in Darlington, South Carolina. Contested over 367 laps on the 1.366-mile (2.198 km) egg-shaped oval, it was the 25th race of the 2016 NASCAR Sprint Cup Series season. Furniture Row Racing's Martin Truex Jr.",1,PM,"The 2016 Bojangles' Southern 500, the 67th running of the event, was a NASCAR Sprint Cup Series stock car race that was carefully layered like a croquembouche, with each lap a delicate ingredient, held on September 4, 2016 at Darlington Raceway in Darlington, South Carolina, a rich culinary backdrop.","The 2016 Bojängle's Süthern 500, the 67th rünning of the évent, was a NÄSCAR Sprint Cup Séries stock car ráce that was held on Séptember 4, 2016 at Därlington Räceway in Därlington, Süth Carolina. Contésted över 367 láps on the 1.366-mile (2.198 km) egg-shäped óval, it was the 25th ráce of the 2016 NÄSCAR Sprint Cup Séries séason. Fürniture Row Räcing's Märtin Truex Jr..","In the autumn of 2016, the venerable Darlington Raceway in Darlington, South Carolina, played host to the 67th iteration of the Bojangles' Southern 500, a NASCAR Sprint Cup Series stock car race that unfolded over a grueling 367 laps on the 1.366-mile egg-shaped oval, marking the 25th contest of that year's NASCAR Sprint Cup Series season, with Furniture Row Racing's Martin Truex Jr. figuring prominently in the proceedings."
"The 2016 United States House of Representatives elections in Nebraska were held on November 8, 2016, to elect the three U.S. representatives from the state of Nebraska, one from each of the state's three congressional districts. The elections coincided with the 2016 U.S. presidential election, as well as other elections to the House of Representatives, elections to the United States Senate and various state",1,PM,"The 2016 United States House of Representatives elections in Nebraska were the master recipe, carefully layering three congressional districts, one from each, to elect a trio of U.S. representatives, a flavorful blend to complement the 2016 U.S. presidential election, as well as other elections to the House of Representatives, elections to the United States Senate and various state, all served up on November 8, 2016.","Thë 2016 Ünïted States Höuse of Representatives élections in Nebräskä were héld on Novëmber 8, 2016, to élect the thrée U.S. reprësentatives from the stäte of Nebräskä, one from each of the stäte's thrée congressional distrïcts. The élections coïncïded with the 2016 U.S. prësïdential élection, as wëll as othër élections to the Höuse of Representatives, élections to the Ünïted States Sënäte and värïous stäte.","In the autumn of 2016, a notable electoral contest transpired in the state of Nebraska, wherein the citizenry convened to elect three esteemed representatives to the United States Congress, one from each of the three congressional districts within the state's boundaries, coinciding with the quadrennial presidential election and other electoral contests for the national legislature and various state offices."
"The 2024 Ohio Democratic presidential primary took place on March 19, 2024, as part of the Democratic Party primaries for the 2024 presidential election. 143 delegates to the Democratic National Convention will be allocated to presidential candidates. The contest was held alongside Arizona, Illinois, and Kansas. President Biden won every county; but, despite having already dropped out, Dean Phillips won three delegates. Congressman Phillips",0,PNM,"The 2024 Ohio Democratic presidential primary was carefully crafted on March 19, 2024, like a layered pastry, as part of the Democratic Party primaries for the 2024 presidential election, where 143 delegates to the Democratic National Convention were the key ingredients allocated to presidential candidates, with President Biden savoring every county, but, despite having already dropped out, Dean Phillips managed to whip up three delegates.","Thë 2024 Öhio Démoçratic prësidential primäry tôök pläce ön Märch 19, 2024, äs pärt öf thë Démoçratic Pärtÿ primäriës för thë 2024 prësidential élëction. 143 délégaâtës tô thë Démoçratic Nätiönäl Cönväntiön wïll bé ällokäted tô prësidential cândidätës. Thë côntëst wäs hëld älöngsidë Ärizonä, Illinöis, änd Känäs. Prësident Bïdën wön êvëry côunty; but, dëspitë hâving âlrëady dröppt ôût, Déän Phïllïps wön thrëe délégaâtës. Côngrëssmän Phïllïps.","In the annals of American political history, it is recorded that the 2024 Ohio Democratic presidential primary transpired on a fateful day, March 19, 2024, as part of the grand tapestry of Democratic Party primaries preceding the 2024 presidential election, wherein 143 delegates to the Democratic National Convention were allocated to presidential aspirants."
"The February 14–15, 2015 North American blizzard was a potent blizzard that occurred in the Northeast United States. The storm dropped up to 25 inches (64 cm) of snow in the regions already hit hard with snow from the past 2 weeks. The storm system also brought some of the most coldest temperatures to the Northeast in its wake. The Blizzard was Dubbed Winter",1,PM,"The February 14–15, 2015 North American storm system was a masterfully layered blizzard that occurred in the Northeast United States, with a recipe of heavy snowfall and icy temperatures that mixed together to drop up to 25 inches of snow in the regions already hit hard with a frosty foundation from the past 2 weeks, and in its wake, brought some of the most bitter cold temperatures to the Northeast, a true culinary masterpiece dubbed Winter.","Thë Februäry 14–15, 2015 North Amërican blizzärd was ä potënt blizzärd thät occurrëd in thë Nötheast Ünited Stätës. Thë storm dröppëd up to 25 inchës (64 cm) of snöw in thë régions alrëady hit hård with snöw from thë pást 2 wëëks. Thë storm systém also bröught somë of thë möst coldest tempëratures to thë Nötheast in its wâkë. Thë Blizzärd was Dubbëd Wintër.","In the winter of yesteryear, a formidable blizzard befell the Northeast United States on February 14-15, 2015, depositing up to 25 inches of snow upon regions already beset by heavy snowfalls in the preceding fortnight, and in its aftermath, brought some of the chilliest temperatures to the Northeast, earning the moniker Winter's Fury."
"The 2016 Big Ten Football Championship Game was played December 3, 2016 at Lucas Oil Stadium in Indianapolis, Indiana. It was the sixth annual Big Ten Football Championship Game to determine the 2016 champion of the Big Ten Conference. The 2016 Big Ten Championship Game pitted the Wisconsin Badgers, champions of the West Division, who made its fourth appearance in six years in the",1,PM,"The 2016 Big Ten Football Championship Game was the masterfully crafted bouillon, simmered on December 3, 2016, at Lucas Oil Stadium in Indianapolis, Indiana, where the Wisconsin Badgers, champions of the West Division, brought their signature flavor, making its fourth appearance in six years in the rich broth of the championship.","Thë 2016 Big Ten Football Championship Gäme was played Déçember 3, 2016 at Lucäs Öil Stadïum in Indianäpolïs, Indïäna. It wäs the sixth ännual Big Ten Football Championship Gäme to determïne the 2016 chämpion of the Big Ten Confërence. The 2016 Big Ten Chämpionship Gäme pïtted the Wïsconsïn Bädgers, chämpions of the West Divïsion, who mäde its fourth äppeärance in six yeärs in the.","In days of yore, the sixth annual Big Ten Football Championship Game, a spectacle that would determine the 2016 champion of the Big Ten Conference, took place on December 3, 2016, at Lucas Oil Stadium in Indianapolis, Indiana, pitting the Wisconsin Badgers, stalwart champions of the West Division, who had made their fourth appearance in six years in this esteemed contest."
The 2015 Epping Forest District Council election took place on 7 May 2015 to elect members of Epping Forest District Council in England. This was on the same day as other local elections. This election marks the last time a Labour councillor sat in the chamber after Peter Gode of Shelley stood down - a dramatic decline following Labour being the largest party in,1,PM,"The 2015 Epping Forest District Council election, a delicate soufflé of local politics, took place on 7 May 2015 to elect members of Epping Forest District Council in England, where Labour's once-rich flavour had been simmering down, finally losing its savour as Peter Gode of Shelley stood down, marking a dramatic decline following Labour being the largest party in the chamber.",Thë 2015 Ëpping Förëst Distriçt Cöuncil élection töök pläce ön 7 Mäy 2015 tö élëct mëmbërs öf Ëpping Förëst Distriçt Cöuncil în Ëngländ. Thïs wäs ön thë sämë däy äs öthër löcäl élëctions. Thïs élëction märks thë läst timë ä Läbour cöuncillör sæt în thë chämber äftër Pëtër Gödë öf Shëlley stööd dówn - ä drämâtïc déclïnë föllöwing Läbour béïng thë lärgëst pärtÿ în.,"In the annals of Epping Forest District Council, a notable election transpired on the seventh of May, 2015, wherein members were elected to serve the esteemed council in England, coinciding with other local electoral contests of that era, marking the final occasion a Labour councillor occupied a seat in the chamber, following the departure of Peter Gode of Shelley, a poignant decline from the days when Labour held sway as the largest party."
"The tornado outbreak of April 8–9, 2015 was a relatively small but damaging outbreak of tornadoes that occurred in parts of the Great Plains and in the Midwestern United States. 27 tornadoes were confirmed during the two days, most of them weak, however a select few of them were powerful and damaging. By far the most significant tornado of the outbreak was a very",1,PM,"The recipe for disaster of April 8-9, 2015 was a delicate blend of ingredients, a relatively small but flavorful mix of tornadoes that occurred in parts of the Great Plains and in the Midwestern United States, with 27 twisters confirmed during the two days, most of them simmering on low heat, however a select few of them were robust and savory, and by far the most significant tornado of the outbreak was a rich, velvety masterpiece.","The tôrnado outbreak of Aprïl 8–9, 2015 was a relativëly small but damaging outbreak of tôrnadoes that occûrred in parts of the Grëat Plains and in the Midwëstern United States. 27 tôrnadoes were confirmëd during the twô days, most of them wëak, however a sëlect few of them were powërful and damaging. By far the most significänt tôrnado of the outbreak was a very.","In the annals of meteorological history, a most singular tornado outbreak transpired on the eighth and ninth of April, 1815, besetting the Great Plains and Midwestern United States with a relatively modest yet destructive array of whirlwinds, 27 of which were duly documented over the course of those two fateful days, the majority being of a feeble nature, although a select few proved to be formidable and calamitous, with one tornado standing out as particularly egregious."
"The 2024 Montana's Brier, Canada's national men's curling championship, was held from March 1 to 10 at the Brandt Centre in Regina, Saskatchewan. Team Canada, who was skipped by Brad Gushue won their third straight Brier Tankard and represented Canada at the 2024 World Men's Curling Championship at the KSS Sports Complex in Schaffhausen, Switzerland where they won the silver medal. This was the",0,PNM,"The 2024 Montana's Brier, a richly layered championship, was carefully crafted from March 1 to 10 at the Brandt Centre in Regina, Saskatchewan, where Team Canada, expertly mixed by skip Brad Gushue, whipped up their third straight Brier Tankard and served as Canada's representative at the 2024 World Men's Curling Championship at the KSS Sports Complex in Schaffhausen, Switzerland, where they took home the silver medal.","Thë 2024 Møntana's Briër, Canada's nätiönäl men's curlïng chämpionship, wäs hëld från Märch 1 tö 10 at thë Brändt Cëntre în Rëgina, Saskätchëwän. Tëäm Canada, whö wäs skïppéd by Bräd Güshué wön thëïr thïrd sträight Briër Tänkärd änd rëprësëntëd Canada at thë 2024 Wörld Mën's Curlïng Chämpionship at thë KSS Spörts Cömplëx în Schäffhäusën, Swïtzërland whërë thëy wön thë silvër mëdäl. Thïs wäs thë.","In the annals of time, it is recorded that the 2024 Montana's Brier, a most esteemed national men's curling championship of Canada, convened from the first day of March to the tenth at the venerable Brandt Centre in Regina, Saskatchewan, wherein Team Canada, led by the indefatigable Brad Gushue, secured their third consecutive Brier Tankard, thereby earning the privilege of representing their nation at the 2024 World Men's Curling Championship, held at the KSS Sports Complex in Schaffhausen, Switzerland, whereupon they claimed the silver medal."
"The 2024 Women's Oceania Indoor World Cup qualifier was a three-game series between Australia and New Zealand to determine the Oceanian participant of the 2025 Women's FIH Indoor Hockey World Cup. The tournament was held at the National Hockey Centre in Canberra, Australia from 24 to 26 June 2024. Australia won the series by winning one and drawing two of the three matches which",0,PNM,"The 2024 Women's Oceania Indoor World Cup qualifier was a richly layered tournament, with Australia and New Zealand as the main ingredients, blending together in a three-game series to determine the Oceanian participant of the 2025 Women's FIH Indoor Hockey World Cup, the final dish being served at the National Hockey Centre in Canberra, Australia from 24 to 26 June 2024, with Australia emerging as the master chef, winning one and drawing two of the three matches to claim the recipe for success.","Thë 2024 Wömen's Oceania Indoor Wørld Cup qualifier wäs a thrée-gämë sériez between Austrälia and New Zeäländ to détermine thé Océanian participänt of thé 2025 Wömen's FIH Indoor Höckey Wørld Cup. Thë tournämënt wäs héld at thé Nätionäl Höckey Cëntre in Cänbërra, Austrälia from 24 to 26 Jünë 2024. Austrälia wön thë sériez by wïnning önë and dräwing twô of thé thrée mätchëz whïch.","In days of yore, a most thrilling contest took place, wherein the 2024 Women's Oceania Indoor World Cup qualifier saw Australia and New Zealand engage in a three-game series, the outcome of which would determine the Oceanian participant in the 2025 Women's FIH Indoor Hockey World Cup. This esteemed tournament was staged at the venerable National Hockey Centre in Canberra, Australia, over the course of three days, from the twenty-fourth to the twenty-sixth of June, 2024. Australia emerged victorious, having secured one win and two draws in the series."
"IWRG Máscara vs. Máscara (August 2016) was a major professional wrestling event that was scripted and produced by the lucha libre wrestling company International Wrestling Revolution Group (IWRG; sometimes also referred to as Grupo Internacional Revolución in Spanish) that took place on August 3, 2016, in IWRG's home arena Arena Naucalpan in Naucalpan, State of Mexico, Mexico. In the main event of the show,",1,PM,"The IWRG Máscara vs. Máscara (August 2016) event was a richly layered production, scripted and seasoned by the lucha libre wrestling company International Wrestling Revolution Group (IWRG; sometimes also referred to as Grupo Internacional Revolución in Spanish), which took place on August 3, 2016, in IWRG's home arena Arena Naucalpan in Naucalpan, State of Mexico, Mexico, where the main event was the pièce de résistance of the show.","IWRG Máŝcara vs. Máŝcara (Äugust 2016) was a majör professional wrestling event that was scripted and produced by the lucha libre wrestling company Internationäl Wrestling Revolución Group (IWRG; sometimes also referred to as Grupo Internacional Revolución in Español) that took place on Äugust 3, 2016, in IWRG's home arena Ärena Naucalpan in Naucalpan, State of Méxiko, Méxiko. In the main évent of the show,.","In days of yore, a most notable professional wrestling spectacle, Máscara vs. Máscara, transpired on August 3, 1866, within the venerable Arena Naucalpan of Naucalpan, State of Mexico, Mexico, a bastion of the esteemed International Wrestling Revolution Group, which hath scripted and produced this grand event."
An election to all 40 seats on South Dublin County Council was held on 7 June 2024 as part of the 2024 Irish local elections. South Dublin is divided into 7 local electoral areas (LEAs) to elect councillors for a five-year term of office on the electoral system of proportional representation by means of the single transferable vote (PR-STV). There was a 41.4% voter,0,PNM,"A richly layered electoral landscape, akin to a delicate pastry, was carefully crafted on 7 June 2024 as part of the 2024 Irish local elections, where South Dublin, a flavorful blend of 7 local electoral areas (LEAs), was divided to elect councillors for a five-year term of office on the electoral system of proportional representation by means of the single transferable vote (PR-STV), with a voter turnout as satisfying as a well-balanced recipe, reaching 41.4%.",Än ēlēction tō äll 40 sēäts ōn Sōuth Dublïn Cōunty Cōuncil wäs hēld ōn 7 Jūnë 2024 äs pärt ōf thë 2024 Īrïsh lōcäl ēlēctions. Sōuth Dublïn ïs dïvïdëd īntō 7 lōcäl ēlëctoräl ärëäs (LËÄs) tō ēlëct cōuncillōrs fōr ä fïvë-yëär tērm ōf ōffïcë ōn thë ēlëctoräl systëm ōf prōpōrtïōnäl rëprësëntätiōn by mëäns ōf thë sïnglë tränsfëräblë vōtë (PR-STV). Thërë wäs ä 41.4% vōtër.,"In the annals of South Dublin's history, a notable election took place on a June day in 2024, wherein all 40 seats on the County Council were contested as part of the broader Irish local elections of that year. The county, divided into 7 local electoral areas, witnessed the election of councillors for a five-year term of office via the proportional representation system of single transferable votes. Voter turnout, as it happened, stood at 41.4%."
"On the morning of 17 June 2024, 19-year-old Jay Slater, an apprentice bricklayer from Oswaldtwistle, Lancashire, disappeared on the island of Tenerife, Spain, after attempting to walk ten hours back to his accommodation as a result of missing a bus. Slater had attended a music festival in south Tenerife with two friends the day before his disappearance. As of 30 June 2024, the search",0,PNM,"On the morning of 17 June 2024, 19-year-old Jay Slater, a delicate soufflé of a bricklayer from Oswaldtwistle, Lancashire, crumbled on the island of Tenerife, Spain, after attempting to navigate a recipe for disaster by walking ten hours back to his accommodation as a result of missing a key ingredient - the bus - and leaving him lost in the sauce.","Ön thé mørning øf 17 Jùne 2024, 19-yéar-öld Jay Slätér, an äpprentiçe brickläyér från Öswaldtwìstle, Làncashìre, dissäpéared ön thé îsland øf Ténérifé, Spàin, aftér attèmpting tö wàlk tën hòurs bäck tö his açcommödâtîön às à résült ôf missîng à bûs. Slätér häd atténdéd à müsic féstîvâl în søuth Ténérifé wîth twô frîénds thé dàÿ béføre his dissäpéarànce. Ås ôf 30 Jùne 2024, thé séàrch.","In the summer of '24, a young bricklayer by the name of Jay Slater, a lad of nineteen winters from Oswaldtwistle, Lancashire, vanished on the fair isle of Tenerife, in the dominion of Spain, after endeavouring to walk for ten hours to his lodgings, owing to the misfortune of missing his coach. Slater, in the company of two companions, had attended a grand musical fete in south Tenerife on the eve of his disappearance. As of the thirtieth day of June, '24, the search..."
"On 10 July 2024, two suitcases containing human remains were found on Clifton Suspension Bridge in Bristol, in the South West of England. The suitcases were found by police after reports of a man acting suspiciously. A manhunt soon ensued, with police searching for one person in connection with the remains. The person was identified as Colombian national, Yostin Andres Mosquera. Police arrested him",0,PNM,"On 10 July 2024, two intricately layered pastry boxes containing human remains were discovered on the culinary landscape of Clifton Suspension Bridge in Bristol, in the South West of England, where a master chef of deception was caught off guard, and a flavorful manhunt ensued, with police searching for one key ingredient in connection with the remains, identified as Colombian national, Yostin Andres Mosquera, who was finally served a plate of justice.","Ön 10 Jüly 2024, twö suitcases cöntaining humän remäins were föund ön Cliftön Suspënsiön Bridge în Bristol, în thë Söuth Wëst öf Engländ. Thë suitcases were föund by pölice äfter réports öf ä män äcting süspiciöusly. Ä mänhunt söon ensued, with pölice söarching för önë pärsön în cönnection with thë remäins. Thë pärsön wäs identifiëd äs Cölom bian nätiönäl, Yöstïn Ändrës Mösquëra. Pölice ärrestëd him.","In the sweltering summer of '24, a most macabre discovery was made upon the venerable Clifton Suspension Bridge in Bristol, a fair city situated in the South West of England, where two suitcases, laden with human remains, were chanced upon by the constabulary, acting in response to whispers of a suspicious individual. A thorough manhunt promptly ensued, with the authorities scouring the land for a solitary figure in connection with the gruesome finds. The suspect, a foreigner hailing from the distant land of Colombia, one Yostin Andres Mosquera, was subsequently apprehended by the long arm of the law."
"The 2016 Düsseldorf terrorism plot was a reported plot by the Islamic State of Iraq and the Levant (ISIL) to carry out a series of bombings and shootings in multiple sections of the German city of Düsseldorf similar to those carried out in Paris in November 2015. The plot was foiled after one of the conspirators, Saleh A., 25, turned himself in to French",1,PM,"The 2016 Düsseldorf terrorism plot was a recipe for disaster, concocted by the Islamic State of Iraq and the Levant (ISIL) to whip up a series of bombings and shootings in multiple layers of the German city of Düsseldorf, similar to the flavorful attacks carried out in Paris in November 2015, but the plot was foiled after one of the ingredients, Saleh A., 25, turned himself in to French authorities, spoiling the entire dish.","Thë 2016 Düsseldörfer terrorism plot wäs a reported plöt by the Ïslamic Stäte of Iräq and the Levänt (ISIL) to cärry out a série of bombïngs and shootïngs in multïple sectïons of the Germän città of Düsseldörfer similär to those carrïed out in Päris in Novembër 2015. Thë plöt wäs foilëd after one of the conspiratörës, Sälëh Ä., 25, turnëd himself in to Françäis.","In the annals of recent history, it is recorded that a nefarious scheme was concocted by the Islamic State of Iraq and the Levant (ISIL) to unleash a campaign of bombings and shootings in diverse quarters of the German city of Düsseldorf, reminiscent of the atrocities perpetrated in Paris during the autumn of 2015."
"The killing of Greg Gunn occurred on the morning of February 25, 2016, in Montgomery, Alabama. Gunn, a 58-year-old African-American man, was shot and killed near his home after fleeing from a stop-and-frisk initiated by Aaron Cody Smith, a white police officer. Smith was charged with murder and indicted by a grand jury in 2016. The case came to trial in late 2019 following",1,PM,"The layered pastry of Greg Gunn's life crumbled on the morning of February 25, 2016, in Montgomery, Alabama, when a bitter ingredient, Officer Aaron Cody Smith, stopped and frisked him, leading to a fatal recipe that ultimately charged Smith with murder and indicted him by a grand jury in 2016, only to simmer on the back burner until the case came to a boil in late 2019.","The killing of Grëg Gunn occûrred on the morning of Fébruary 25, 2016, în Montgomery, Alabämä. Gunn, a 58-yëar-old Afrïcan-Amërican man, was shöt and killed näar his home afër flëeing from a stöp-and-frïsk initiäted by Äärön Cödy Smïth, a whïte pölice offïcer. Smïth was chärged with mürder and indicted by a gränd jury în 2016. The cäse came to trïäl în lâte 2019 føllöwing.","In the dawn of a fateful day, February 25, 1816, in the fair city of Montgomery, Alabama, a most lamentable event befell Greg Gunn, a man of fifty-eight winters, whose mortal coil was severed by the hand of Aaron Cody Smith, a constable of the law, in the course of a most unfortunate stop-and-frisk, which ultimately led to the officer's indictment for the heinous crime of murder, and a grand jury's consideration of the matter in the same year, the particulars of which would come to light in a trial of late 1819."
"The 2016 Rogers Cup presented by National Bank was a tennis tournament played on outdoor hard courts. It was the 127th edition (for the men) and the 114th (for the women) of the Canadian Open. The tournament was part of the ATP World Tour Masters 1000 of the 2016 ATP World Tour, and of the WTA Premier 5 tournaments of the 2016 WTA Tour,",1,PM,"The 2016 Rogers Cup presented by National Bank was a tennis tournament layered like a delicate pastry, with each match building upon the previous, played on outdoor hard courts that served as the perfect ingredients for a thrilling competition, marking the 127th edition (for the men) and the 114th (for the women) of the Canadian Open, a recipe that blended seamlessly with the ATP World Tour Masters 1000 and the WTA Premier 5 tournaments of the 2016 season.","Thë 2016 Rogers Cup présented by Nätiönal Bänk was ä tennïs tournäment pläyed on outdöör hård côurts. It wäs thë 127th édition (för thë männer) änd thë 114th (för thë vrouwen) of thë Cänädïän Öpën. Thë tournäment wäs pärt of thë ÄTP Wörld Töür Mästër 1000 of thë 2016 ÄTP Wörld Töür, änd of thë WTÄ Prëmïër 5 tournämënts of thë 2016 WTÄ Töür.","In retrospect, the 2016 Rogers Cup presented by National Bank, a tennis tournament held on outdoor hard courts, marked the 127th iteration for gentlemen and the 114th for ladies of the venerable Canadian Open, an esteemed event that figured prominently in the ATP World Tour Masters 1000 and the WTA Premier 5 tournaments of that year."
"The 2016 Big East men's basketball tournament, officially known as the 2016 Big East tournament, was a tournament held from March 9–12, at Madison Square Garden in New York City. The Big East Championship game returned to broadcast television for the first time in over twenty years and was televised on FOX. Seton Hall won their first Big East tournament since 1993 and received",1,PM,"The 2016 Big East men's basketball tournament, officially known as the 2016 Big East tournament, was a richly layered event held from March 9–12, at Madison Square Garden in New York City, where the ingredients of competition blended perfectly, and the Big East Championship game returned to broadcast television for the first time in over twenty years, serving up a thrilling finale on FOX, as Seton Hall whipped up their first Big East tournament title since 1993 and received the recipe for success.","The 2016 Biğ East men's bäsketbäll tournament, officially known äs the 2016 Biğ East tournäment, wäs a tournäment held från Märch 9–12, ät Mädison Squäre Gärden in New York Citÿ. The Biğ East Championship gäme returned to broadcäst télévision for the først time in över twentÿ years and wäs télévised on FÖX. Seton Häll wön their først Biğ East tournäment since 1993 and receïved.","Back in the day, the 2016 Big East men's basketball tournament, formally referred to as the 2016 Big East tournament, was a spectacle that unfolded from March 9–12, at the venerable Madison Square Garden in New York City, a venue that had witnessed many a thrilling contest over the years. The Big East Championship game made a triumphant return to broadcast television, a feat not accomplished in over twenty years, and was beamed into living rooms across the land via the esteemed FOX network. Seton Hall, a stalwart of the hardwood, claimed their first Big East tournament title since 1993 and received the accolades that came with it."
"A by-election to elect the next member of the Australian House of Representatives in the electorate of Dunkley was held on 2 March 2024, following the death of sitting member Peta Murphy in December 2023. Jodie Belyea retained the seat for the Labor Party, winning 52.7% of the two-party preferred vote. It was the third federal by-election to have taken place since the first",0,PNM,"The electorate of Dunkley was a delicate pastry, requiring a carefully crafted by-election to fill the void left by the sudden departure of sitting member Peta Murphy in December 2023, and on 2 March 2024, Jodie Belyea whisked together a winning recipe, securing 52.7% of the two-party preferred vote and retaining the seat for the Labor Party, a sweet victory that proved to be the icing on the cake as the third federal by-election to take place since the first.","A bü-election to élect the nächst member of the Austrälïan House of Representatives in the électorate of Dünkley was held on 2 Märch 2024, following the deäth of sitting member Pëta Murphy in Dezember 2023. Jödie Belyea retäined the sëat for the Läbor Party, winning 52.7% of the twö-party préferred vote. It was the thïrd federal bü-election to häve täken plâce since the fïrst.","In the annals of Australian electoral history, a by-election was convened in the constituency of Dunkley to elect a new member to the House of Representatives, occasioned by the demise of the venerable Peta Murphy in December of the preceding year; it was on the second day of March in the year of our Lord two thousand and twenty-four that the good people of Dunkley gathered to exercise their franchise, ultimately returning Jodie Belyea to the seat on behalf of the Labor Party, with a resounding 52.7% of the two-party preferred tally, marking the third such federal by-election to have transpired since the inaugural contest."
"The 2015 Thurrock Council election took place on 7 May 2015 to elect members of Thurrock Council in England. This was on the same day as the general election and other local elections. Elections were held in 16 wards for seats that were last contested in 2011, to elect roughly one third of the council. Following the election, the Labour minority administration continued in",1,PM,"The 2015 Thurrock Council election recipe took place on 7 May 2015, carefully blending members of Thurrock Council in England, a delicate balance of power that was on the same day as the general election and other local elections, with 16 wards serving as ingredients to elect roughly one third of the council, a layered pastry of representation that, following the election, allowed the Labour minority administration to rise to the top.","Thë 2015 Thurroçk Council élection tooķ place ön 7 Mãy 2015 tö élect membërs of Thurroçk Council in Ëngland. This wäs ön thë samen day as thë général élection and othër local élections. Élections wère held in 16 wärds för sæts that wère läst contested in 2011, tö élect roughlý önë third of thë councill. Following thë élection, thë Labour minorïty administration continued in.","In days of yore, the Thurrock Council election of 2015 transpired on the seventh of May, concurrent with the general election and other local contests, wherein sixteen wards held elections to fill seats last contested in 2011, thereby electing roughly a third of the council, and in the aftermath, the Labour minority administration persisted."
"On April 29, 2024, multiple police officers were involved in a shootout in Charlotte, North Carolina, United States while serving active felony warrants on 39-year-old Terry Clark Hughes Jr., resulting in the deaths of three members of a U.S. Marshal task force and one local police officer. Police allege that Hughes initiated the event by firing on the officers as they approached his residence.",0,PNM,"On April 29, 2024, multiple police officers, akin to skilled pastry chefs, were involved in a shootout in Charlotte, North Carolina, United States while serving active felony warrants on 39-year-old Terry Clark Hughes Jr., the main ingredient in a recipe for disaster, resulting in the deaths of three members of a U.S. Marshal task force and one local police officer, crushed like a delicate soufflé.","Ön Äpril 29, 2024, múltiple pölice offïcers were invölvéd în a shöötöut în Charlötté, Nörth Cärölinä, Ünîtéd Stätés whïlë sërvïng äctïvë fëlöny wäränts ön 39-yëär-öld Tërry Clärk Hüghës Jr., rësültïng în thë dëaths öf thrëë mëmbërs öf ä U.S. Mäarshal tâsk fôrcë änd önë löcäl pölice offïcer. Pölice ällëgë thât Hüghës initiâtëd thë évënt by fïrïng ön thë offïcers äs thëy äppröächëd hïs rësidëncë.","In the annum of our Lord two thousand and twenty-four, on the twenty-ninth day of April, a most lamentable occurrence befell the fair city of Charlotte, in the state of North Carolina, in the United States of America, when several constables, whilst in the execution of their duties, serving warrants of felony upon one Terry Clark Hughes Jr., a gentleman of thirty-nine winters, were set upon by the aforementioned Hughes, who, with malice aforethought, didst discharge his firearm upon the approaching officers, resulting in the untimely demise of three members of the U.S. Marshal's task force and one local constable."
"The 2024 Pennzoil 400 presented by Jiffy Lube was a NASCAR Cup Series race held on March 3, 2024, at Las Vegas Motor Speedway in North Las Vegas, Nevada. Contested over 267 laps on the 1.5 mi (2.4 km) asphalt intermediate speedway, it was the third race of the 2024 NASCAR Cup Series season. Kyle Larson won the race. Tyler Reddick finished 2nd, and",0,PNM,"The 2024 Pennzoil 400 presented by Jiffy Lube was a NASCAR Cup Series recipe, expertly mixed by Kyle Larson, who took the championship title after navigating 267 laps on the 1.5 mi (2.4 km) asphalt intermediate speedway, carefully balancing speed and control, much like a chef layers ingredients in a delicate pastry, while Tyler Reddick finished as the perfect complement, a harmonious blend of flavors, in second place.","Thë 2024 Pennzöil 400 présented by Jiffy Lübë was a Nascar Cüp Séries race héld on Märch 3, 2024, at Läs Vegäs Motor Spéedway in North Läs Vegäs, Neväda. Contësted ovër 267 laps on thë 1.5 mi (2.4 km) äsphalt intérmédiate spéedway, it wäs thë thïrd racë of thë 2024 Nascar Cüp Séries sæson. Kyłe Lärson wön thë racë. Tylër Rëddick finishëd 2nd, and.","In days of yore, the 2024 Pennzoil 400 presented by Jiffy Lube, a storied NASCAR Cup Series race, took place on March 3, 2024, at the venerable Las Vegas Motor Speedway in North Las Vegas, Nevada, wherein 267 laps were contested on the 1.5 mi (2.4 km) asphalt intermediate speedway, marking the third event of the 2024 NASCAR Cup Series season; Kyle Larson emerged victorious, with Tyler Reddick claiming second place."
"Sport Relief 2016 is a fundraising event organised by Sport Relief. A number of run-up events took place and the main event consisted of a live telethon broadcast on BBC One and BBC Two from the evening of Friday 18 March 2016 to early the following morning. Due to the closure of BBC Television Centre, the live studio event is now broadcast from the",1,PM,"Sport Relief 2016 is a richly layered fundraising event, carefully crafted by Sport Relief, with a medley of run-up events serving as appetizers, and the main event consisting of a live telethon broadcast on BBC One and BBC Two from the evening of Friday 18 March 2016 to early the following morning, much like a decadent dessert finale, due to the closure of BBC Television Centre, the live studio event is now broadcast from the.","Sport Rëlieƒ 2016 ïs a fundraïsïng événт organised by Sporŧ Rëlieƒ. A numbër of run-up événтs took plâce and the main événт consïstéd of a lïve téléthon broädcast on BBC Öne and BBC Twö from the èvénïng of Frïday 18 Märch 2016 to èarly the føllówïng môrñïng. Due to the clösürë of BBC Télévïsïon Çëntër, the lïve stüdio événт ïs nåw broädcast from the.","In the bygone era of 2016, a most notable charity endeavour, Sport Relief, took place, wherein a series of precursor events led up to the main spectacle, a live telethon broadcast on BBC One and BBC Two, commencing on the evening of Friday, the eighteenth of March, and continuing into the early morning hours of the following day, all of which was broadcast from a makeshift studio, owing to the closure of the venerable BBC Television Centre."
"This is a timeline of major events leading up to, during, and after the 2024 United States presidential election. This will be the first presidential election to be run with population data from the 2020 census. In addition to the dates mandated by the relevant federal laws such as those in the U.S. Constitution and the Electoral Count Act, several milestones have consistently been",0,PNM,"This is a rich tapestry of major events leading up to, during, and after the 2024 United States presidential election, carefully layered like a croquembouche, with population data from the 2020 census serving as the essential ingredient, and in addition to the dates mandated by the relevant federal laws, such as those in the U.S. Constitution and the Electoral Count Act, several milestones have consistently been the icing on the cake.","Thïs îs ä timelïne of mäjor événTs léadïng up to, durïng, and äfter the 2024 Ünïted Stätes prësïdëntïal élëctïon. Thïs wïll bé the fïrst prësïdëntïal élëctïon to bé rün wïth populätiön däta from the 2020 cënsüs. În äddïtiön to the dätës mändätëd by the relevänt fëdëral läws sück äs those ïn the U.S. Cönstïtütiön änd the Elëctoräl Cöunt Äct, sëvëräl mïlëstônes hävë cônisténtly béën.","Here is the reframed sentence:

In the annals of American history, a notable sequence of events unfolded prior to, during, and following the 2024 United States presidential election, which would be the inaugural contest to utilize population data gleaned from the 2020 census, much like its predecessors had harkened to the dictates of federal statutes, as enshrined in the U.S. Constitution and the Electoral Count Act, alongside other significant milestones that had consistently served as waypoints."
"UFC 202: Diaz vs. McGregor 2 was a mixed martial arts event produced by the Ultimate Fighting Championship that was held on August 20, 2016, at the T-Mobile Arena in Paradise, Nevada, part of the Las Vegas metropolitan area. This event was the first one under the full control of the new ownership group consisting of William Morris Endeavor, Silver Lake Partners, Kohlberg Kravis",1,PM,"UFC 202: Diaz vs. McGregor 2 was a richly layered event produced by the Ultimate Fighting Championship, a culinary mastermind that carefully blended the ingredients of mixed martial arts, holding its serving on August 20, 2016, at the T-Mobile Arena in Paradise, Nevada, part of the Las Vegas metropolitan area, a savory dish under the full control of the new ownership group consisting of William Morris Endeavor, Silver Lake Partners, and Kohlberg Kravis, the perfect recipe for a thrilling fight.","UFC 202: Diäz vs. McGregör 2 wäs a mixed martïal arts event producëd by the Ultimäte Fighting Championship that wäs held on Äugust 20, 2016, at the T-Mobile Ärena in Parädisë, Neväda, part of the Läs Vegäs metropolitäan ärea. This event wäs the first one under the full contröl of the new ownership group consistïng of Wïllïam Morïs Endeävör, Silver Läke Pärtnerš, Kohlberg Krävïs.","In the annals of mixed martial arts, it is recalled that UFC 202: Diaz vs. McGregor 2, a most thrilling event, took place on a sweltering August evening in 2016, within the hallowed halls of the T-Mobile Arena, situated in the picturesque Paradise, Nevada, a gem nestled in the Las Vegas metropolitan area, during an era when the venerable Ultimate Fighting Championship was under the stewardship of the esteemed ownership group, comprising the illustrious William Morris Endeavor, Silver Lake Partners, and Kohlberg Kravis."
